{
  "AWSTemplateFormatVersion": "2010-09-09",
  "Resources": {
    "ALBListener" : {
      "Type" : "AWS::ElasticLoadBalancingV2::Listener",
      "Properties" : {
        "DefaultActions" : [{"Type" : "forward", "TargetGroupArn" : { "Ref" : "engineeringWebservers" }}],
        "LoadBalancerArn" : { "Ref" : "engineeringLB" },
        "Port" : "80",
        "Protocol" : "HTTP"
      }
    },
    "engineeringLB" : {
      "Type" : "AWS::ElasticLoadBalancingV2::LoadBalancer",
      "Properties" : {
        "Name" : "engineeringLB",
        "Scheme" : "internet-facing",
        "Subnets" : [ {"Ref" : "publicSubnet1"}, {"Ref" : "publicSubnet2"}],
        "SecurityGroups" : [{"Ref": "lbSG"}],
        "Tags": [{"Key": "Name", "Value": "engineeringLB"}],
        "Type" : "application"
      }
    },
    "lbSG": {
      "Type": "AWS::EC2::SecurityGroup",
      "Properties": {
        "VpcId": {
          "Ref": "engineeringVpc"
        },
        "GroupDescription": "Allow access from HTTP traffic",
        "SecurityGroupIngress":[
          {"IpProtocol": "tcp",
            "FromPort": "80",
            "ToPort": "80",
            "CidrIp": "0.0.0.0/0"}
        ],
        "Tags": [
          {
            "Key": "Name",
            "Value": "lbSG"
          }
        ]
      }
    },
    "engineeringWebservers" : {
      "Type" : "AWS::ElasticLoadBalancingV2::TargetGroup",
      "Properties" : {
        "HealthCheckIntervalSeconds" : 60,
        "UnhealthyThresholdCount" : 10,
        "HealthCheckPath" : "/index.php",
        "Name" : "engineeringWebservers",
        "Port" : 80,
        "Protocol" : "HTTP",
        "VpcId" : { "Ref": "engineeringVpc" },
        "TargetGroupAttributes" : [
          {
            "Key" : "deregistration_delay.timeout_seconds",
            "Value" : 60
          }
        ],
        "Tags": [{"Key": "Name", "Value": "engineeringWebservers"}],
        "Targets": [
          { "Id": {"Ref" : "web1"}, "Port": 80 },
          { "Id": {"Ref" : "web2"}, "Port": 80 }
        ]
      }
    },
    "engineeringVpc": {
      "Type": "AWS::EC2::VPC",
      "Properties": {
        "EnableDnsSupport": "true",
        "EnableDnsHostnames": "true",
        "CidrBlock": "10.0.0.0/18",
        "Tags": [{"Key": "Name", "Value": "engineeringVpc"}]
      }
    },
    "publicSubnet1": {
      "Type": "AWS::EC2::Subnet",
      "Properties": {
        "VpcId": {
          "Ref": "engineeringVpc"
        },
        "CidrBlock": "10.0.0.0/24",
        "AvailabilityZone" : "us-east-1a",
        "Tags": [
          {
            "Key": "Name",
            "Value": "publicSubnet1"
          }
        ]
      }
    },
    "publicSubnet2": {
      "Type": "AWS::EC2::Subnet",
      "Properties": {
        "VpcId": {
          "Ref": "engineeringVpc"
        },
        "CidrBlock": "10.0.1.0/24",
        "AvailabilityZone" : "us-east-1b",
        "Tags": [
          {
            "Key": "Name",
            "Value": "publicSubnet2"
          }
        ]
      }
    },
    "web1": {
      "Type": "AWS::EC2::Instance",
      "Properties": {
        "InstanceType": {
          "Ref": "InstanceType"
        },
        "KeyName" : {"Ref": "KeyPair"},
        "ImageId": "ami-3ea13f29",
        "NetworkInterfaces": [
          {
            "GroupSet": [
              {
                "Ref": "webserversSG"
              }
            ],
            "AssociatePublicIpAddress": "true",
            "DeviceIndex": "0",
            "DeleteOnTermination": "true",
            "SubnetId": {
              "Ref": "publicSubnet1"
            }
          }
        ],
        "Tags": [
          {
            "Key": "Name",
            "Value": "web1"
          }
        ]
      },
      "DependsOn": [
        "PublicRoute"
      ]
    },
    "web2": {
      "Type": "AWS::EC2::Instance",
      "Properties": {
        "InstanceType": {
          "Ref": "InstanceType"
        },
        "KeyName" : {"Ref": "KeyPair"},
        "ImageId": "ami-3ea13f29",
        "NetworkInterfaces": [
          {
            "GroupSet": [
              {
                "Ref": "webserversSG"
              }
            ],
            "AssociatePublicIpAddress": "true",
            "DeviceIndex": "0",
            "DeleteOnTermination": "true",
            "SubnetId": {
              "Ref": "publicSubnet2"
            }
          }
        ],
        "Tags": [
          {
            "Key": "Name",
            "Value": "web2"
          }
        ]
      },
      "DependsOn": [
        "PublicRoute"
      ]
    },
    "webserversSG": {
      "Type": "AWS::EC2::SecurityGroup",
      "Properties": {
        "Tags": [
          {
            "Key": "Name",
            "Value": "webserversSG"
          }
        ],
        "VpcId": {
          "Ref": "engineeringVpc"
        },
        "GroupDescription": "Allow access from HTTP and SSH traffic",
        "SecurityGroupIngress": [
          {
            "IpProtocol": "tcp",
            "FromPort": "22",
            "ToPort": "22",
            "CidrIp":{
              "Ref": "YourIp"
              }
          },
          {
            "IpProtocol": "tcp",
            "FromPort": "80",
            "ToPort": "80",
            "CidrIp": "0.0.0.0/0"
          }
        ]
      }
    },
    "InternetGateway": {
      "Type": "AWS::EC2::InternetGateway",
      "Properties": {
        "Tags": [{"Key": "Name", "Value": "engineeringIGW"}]
      }
    },
    "EC2VPCG509RW": {
      "Type": "AWS::EC2::VPCGatewayAttachment",
      "Properties": {
        "InternetGatewayId": {
          "Ref": "InternetGateway"
        },
        "VpcId": {
          "Ref": "engineeringVpc"
        }
      }
    },
    "PublicRouteTable": {
      "Type": "AWS::EC2::RouteTable",
      "Properties": {
        "VpcId": {
          "Ref": "engineeringVpc"
        },
        "Tags": [
          {
            "Key": "Name",
            "Value": "PublicRouteTable"
          }
        ]
      }
    },
    "PublicRoute": {
      "Type": "AWS::EC2::Route",
      "Properties": {
        "DestinationCidrBlock": "0.0.0.0/0",
        "RouteTableId": {
          "Ref": "PublicRouteTable"
        },
        "GatewayId": {
          "Ref": "InternetGateway"
        }
      },
      "DependsOn": [
        "InternetGateway"
      ]
    },
    "publicSubnet1RTassoc": {
      "Type": "AWS::EC2::SubnetRouteTableAssociation",
      "Properties": {
        "RouteTableId": {
          "Ref": "PublicRouteTable"
        },
        "SubnetId": {
          "Ref": "publicSubnet1"
        }
      }
    },
    "publicSubnet2RTassoc": {
      "Type": "AWS::EC2::SubnetRouteTableAssociation",
      "Properties": {
        "RouteTableId": {
          "Ref": "PublicRouteTable"
        },
        "SubnetId": {
          "Ref": "publicSubnet2"
        }
      }
    }
  },
  "Parameters": {
    "InstanceType": {
      "Description": "Server instance type",
      "Type": "String",
      "Default": "t2.micro",
      "AllowedValues": [
        "t2.micro",
        "t2.small"
      ],
      "ConstraintDescription": "Must be a valid EC2 type."
    },
    "KeyPair": {
      "Description": "Name of your EC2 KeyPair to enable SSH access to the instances.",
      "Type": "AWS::EC2::KeyPair::KeyName",
      "ConstraintDescription": "must be the name of an existing EC2 KeyPair."
    },

    "YourIp": {
      "Description": "The current CIDR IP address of your workstation (x.x.x.x/32).",
      "Type": "String"
    }
  },
  "Outputs": {
    "weburl": {
      "Value": {
        "Fn::Join": [
          "",
          [
            "http://",
            {
              "Fn::GetAtt": [
                "engineeringLB",
                "DNSName"
              ]
            }
          ]
        ]
      },
      "Description": "engineeringLB URL"
    }
  }
}

