{
    "Activities": [
        {
            "Description": "Launching a new EC2 instance: i-0b810c77aaeda9dbd", 
            "AutoScalingGroupName": "midterm-autoscaling-group", 
            "ActivityId": "98159a3a-bb59-1b79-739d-1eae9ba607cf", 
            "Details": "{\"Subnet ID\":\"subnet-0face766a1d43e0e8\",\"Availability Zone\":\"us-east-1b\"}", 
            "StartTime": "2018-10-19T23:35:14.758Z", 
            "Progress": 100, 
            "EndTime": "2018-10-19T23:35:48Z", 
            "Cause": "At 2018-10-19T23:35:12Z an instance was started in response to a difference between desired and actual capacity, increasing the capacity from 1 to 2.", 
            "StatusCode": "Successful"
        }, 
        {
            "Description": "Terminating EC2 instance: i-0f99afed81a522e6d - Waiting For ELB Connection Draining.", 
            "AutoScalingGroupName": "midterm-autoscaling-group", 
            "ActivityId": "2a259a3a-b96f-3aac-25a4-930c4b7e4412", 
            "Details": "{\"Subnet ID\":\"subnet-0face766a1d43e0e8\",\"Availability Zone\":\"us-east-1b\"}", 
            "StartTime": "2018-10-19T23:34:43.406Z", 
            "Progress": 50, 
            "Cause": "At 2018-10-19T23:34:43Z an instance was taken out of service in response to a EC2 health check indicating it has been terminated or stopped.", 
            "StatusCode": "WaitingForELBConnectionDraining"
        }, 
        {
            "Description": "Launching a new EC2 instance: i-0f5866f7e6e872138", 
            "AutoScalingGroupName": "midterm-autoscaling-group", 
            "ActivityId": "94b59a3a-60c9-330f-1839-11360bc8578d", 
            "Details": "{\"Subnet ID\":\"subnet-0bc8b0a6a26aa9648\",\"Availability Zone\":\"us-east-1a\"}", 
            "StartTime": "2018-10-19T23:10:30.988Z", 
            "Progress": 100, 
            "EndTime": "2018-10-19T23:11:04Z", 
            "Cause": "At 2018-10-19T23:10:25Z a user request created an AutoScalingGroup changing the desired capacity from 0 to 2.  At 2018-10-19T23:10:28Z an instance was started in response to a difference between desired and actual capacity, increasing the capacity from 0 to 2.", 
            "StatusCode": "Successful"
        }, 
        {
            "Description": "Launching a new EC2 instance: i-0f99afed81a522e6d", 
            "AutoScalingGroupName": "midterm-autoscaling-group", 
            "ActivityId": "75259a3a-60c5-2770-c956-81c632d5af5f", 
            "Details": "{\"Subnet ID\":\"subnet-0face766a1d43e0e8\",\"Availability Zone\":\"us-east-1b\"}", 
            "StartTime": "2018-10-19T23:10:30.729Z", 
            "Progress": 100, 
            "EndTime": "2018-10-19T23:12:35Z", 
            "Cause": "At 2018-10-19T23:10:25Z a user request created an AutoScalingGroup changing the desired capacity from 0 to 2.  At 2018-10-19T23:10:28Z an instance was started in response to a difference between desired and actual capacity, increasing the capacity from 0 to 2.", 
            "StatusCode": "Successful"
        }
    ]
}
