{
    "DBInstances": [
        {
            "PubliclyAccessible": false, 
            "MasterUsername": "abdul", 
            "MonitoringInterval": 0, 
            "LicenseModel": "general-public-license", 
            "VpcSecurityGroups": [
                {
                    "Status": "active", 
                    "VpcSecurityGroupId": "sg-06db5f7339983a3a1"
                }
            ], 
            "InstanceCreateTime": "2018-10-19T23:03:45.774Z", 
            "CopyTagsToSnapshot": true, 
            "OptionGroupMemberships": [
                {
                    "Status": "in-sync", 
                    "OptionGroupName": "default:mysql-5-7"
                }
            ], 
            "PendingModifiedValues": {}, 
            "Engine": "mysql", 
            "MultiAZ": false, 
            "LatestRestorableTime": "2018-10-19T23:40:00Z", 
            "DBSecurityGroups": [], 
            "DBParameterGroups": [
                {
                    "DBParameterGroupName": "default.mysql5.7", 
                    "ParameterApplyStatus": "in-sync"
                }
            ], 
            "PerformanceInsightsEnabled": false, 
            "AutoMinorVersionUpgrade": true, 
            "PreferredBackupWindow": "06:53-07:23", 
            "DBSubnetGroup": {
                "Subnets": [
                    {
                        "SubnetStatus": "Active", 
                        "SubnetIdentifier": "subnet-06f19e31417eb506c", 
                        "SubnetAvailabilityZone": {
                            "Name": "us-east-1a"
                        }
                    }, 
                    {
                        "SubnetStatus": "Active", 
                        "SubnetIdentifier": "subnet-0476f773a7b742bd4", 
                        "SubnetAvailabilityZone": {
                            "Name": "us-east-1b"
                        }
                    }
                ], 
                "DBSubnetGroupName": "midterm-db-subnet-group", 
                "VpcId": "vpc-0e2709d97198c5694", 
                "DBSubnetGroupDescription": "my midterm-db-subnet-group", 
                "SubnetGroupStatus": "Complete"
            }, 
            "ReadReplicaDBInstanceIdentifiers": [], 
            "AllocatedStorage": 20, 
            "DBInstanceArn": "arn:aws:rds:us-east-1:505351525615:db:midterm-db", 
            "BackupRetentionPeriod": 7, 
            "DBName": "midtermdb", 
            "PreferredMaintenanceWindow": "fri:03:36-fri:04:06", 
            "Endpoint": {
                "HostedZoneId": "Z2R2ITUGPM61AM", 
                "Port": 3306, 
                "Address": "midterm-db.cjkzmxsmbrte.us-east-1.rds.amazonaws.com"
            }, 
            "DBInstanceStatus": "available", 
            "IAMDatabaseAuthenticationEnabled": false, 
            "EngineVersion": "5.7.23", 
            "AvailabilityZone": "us-east-1a", 
            "DomainMemberships": [], 
            "StorageType": "gp2", 
            "DbiResourceId": "db-I47DAHWR6GSBKQAJHBNBR5HISY", 
            "CACertificateIdentifier": "rds-ca-2015", 
            "StorageEncrypted": false, 
            "DBInstanceClass": "db.t2.micro", 
            "DbInstancePort": 0, 
            "DBInstanceIdentifier": "midterm-db"
        }
    ]
}
