{
    "LoadBalancers": [
        {
            "IpAddressType": "ipv4", 
            "VpcId": "vpc-0e2709d97198c5694", 
            "LoadBalancerArn": "arn:aws:elasticloadbalancing:us-east-1:505351525615:loadbalancer/app/midterm-web-lb/b561e7d984eca5f8", 
            "State": {
                "Code": "active"
            }, 
            "DNSName": "midterm-web-lb-1979887159.us-east-1.elb.amazonaws.com", 
            "SecurityGroups": [
                "sg-0d6ed65f1a26a0e54"
            ], 
            "LoadBalancerName": "midterm-web-lb", 
            "CreatedTime": "2018-10-19T23:03:16.630Z", 
            "Scheme": "internet-facing", 
            "Type": "application", 
            "CanonicalHostedZoneId": "Z35SXDOTRQ7X7K", 
            "AvailabilityZones": [
                {
                    "SubnetId": "subnet-0bc8b0a6a26aa9648", 
                    "ZoneName": "us-east-1a"
                }, 
                {
                    "SubnetId": "subnet-0face766a1d43e0e8", 
                    "ZoneName": "us-east-1b"
                }
            ]
        }
    ]
}
