{
    "SecurityGroups": [
        {
            "IpPermissionsEgress": [
                {
                    "IpProtocol": "-1", 
                    "PrefixListIds": [], 
                    "IpRanges": [
                        {
                            "CidrIp": "0.0.0.0/0"
                        }
                    ], 
                    "UserIdGroupPairs": [], 
                    "Ipv6Ranges": []
                }
            ], 
            "Description": "my midterm-private", 
            "Tags": [
                {
                    "Value": "midterm-private", 
                    "Key": "Name"
                }
            ], 
            "IpPermissions": [
                {
                    "PrefixListIds": [], 
                    "FromPort": 22, 
                    "IpRanges": [], 
                    "ToPort": 22, 
                    "IpProtocol": "tcp", 
                    "UserIdGroupPairs": [
                        {
                            "UserId": "505351525615", 
                            "GroupId": "sg-0f36064bd2fc5d76a"
                        }
                    ], 
                    "Ipv6Ranges": []
                }, 
                {
                    "PrefixListIds": [], 
                    "FromPort": 3306, 
                    "IpRanges": [], 
                    "ToPort": 3306, 
                    "IpProtocol": "tcp", 
                    "UserIdGroupPairs": [
                        {
                            "UserId": "505351525615", 
                            "GroupId": "sg-0d6ed65f1a26a0e54"
                        }
                    ], 
                    "Ipv6Ranges": []
                }
            ], 
            "GroupName": "midterm-private", 
            "VpcId": "vpc-0e2709d97198c5694", 
            "OwnerId": "505351525615", 
            "GroupId": "sg-06db5f7339983a3a1"
        }, 
        {
            "IpPermissionsEgress": [
                {
                    "IpProtocol": "-1", 
                    "PrefixListIds": [], 
                    "IpRanges": [
                        {
                            "CidrIp": "0.0.0.0/0"
                        }
                    ], 
                    "UserIdGroupPairs": [], 
                    "Ipv6Ranges": []
                }
            ], 
            "Description": "default VPC security group", 
            "IpPermissions": [
                {
                    "IpProtocol": "-1", 
                    "PrefixListIds": [], 
                    "IpRanges": [], 
                    "UserIdGroupPairs": [
                        {
                            "UserId": "505351525615", 
                            "GroupId": "sg-0acda553ec4f1d1b5"
                        }
                    ], 
                    "Ipv6Ranges": []
                }
            ], 
            "GroupName": "default", 
            "VpcId": "vpc-0e2709d97198c5694", 
            "OwnerId": "505351525615", 
            "GroupId": "sg-0acda553ec4f1d1b5"
        }, 
        {
            "IpPermissionsEgress": [
                {
                    "IpProtocol": "-1", 
                    "PrefixListIds": [], 
                    "IpRanges": [
                        {
                            "CidrIp": "0.0.0.0/0"
                        }
                    ], 
                    "UserIdGroupPairs": [], 
                    "Ipv6Ranges": []
                }
            ], 
            "Description": "my midterm-web", 
            "Tags": [
                {
                    "Value": "midterm-web", 
                    "Key": "Name"
                }
            ], 
            "IpPermissions": [
                {
                    "PrefixListIds": [], 
                    "FromPort": 80, 
                    "IpRanges": [
                        {
                            "CidrIp": "0.0.0.0/0"
                        }
                    ], 
                    "ToPort": 80, 
                    "IpProtocol": "tcp", 
                    "UserIdGroupPairs": [], 
                    "Ipv6Ranges": [
                        {
                            "CidrIpv6": "::/0"
                        }
                    ]
                }, 
                {
                    "PrefixListIds": [], 
                    "FromPort": 22, 
                    "IpRanges": [], 
                    "ToPort": 22, 
                    "IpProtocol": "tcp", 
                    "UserIdGroupPairs": [
                        {
                            "UserId": "505351525615", 
                            "GroupId": "sg-0f36064bd2fc5d76a"
                        }
                    ], 
                    "Ipv6Ranges": []
                }
            ], 
            "GroupName": "midterm-web", 
            "VpcId": "vpc-0e2709d97198c5694", 
            "OwnerId": "505351525615", 
            "GroupId": "sg-0d6ed65f1a26a0e54"
        }, 
        {
            "IpPermissionsEgress": [
                {
                    "IpProtocol": "-1", 
                    "PrefixListIds": [], 
                    "IpRanges": [
                        {
                            "CidrIp": "0.0.0.0/0"
                        }
                    ], 
                    "UserIdGroupPairs": [], 
                    "Ipv6Ranges": []
                }
            ], 
            "Description": "my midterm-jumpbox", 
            "Tags": [
                {
                    "Value": "midterm-jumpbox", 
                    "Key": "Name"
                }
            ], 
            "IpPermissions": [
                {
                    "PrefixListIds": [], 
                    "FromPort": 22, 
                    "IpRanges": [
                        {
                            "CidrIp": "140.209.14.75/32"
                        }
                    ], 
                    "ToPort": 22, 
                    "IpProtocol": "tcp", 
                    "UserIdGroupPairs": [], 
                    "Ipv6Ranges": []
                }
            ], 
            "GroupName": "midterm-jumpbox", 
            "VpcId": "vpc-0e2709d97198c5694", 
            "OwnerId": "505351525615", 
            "GroupId": "sg-0f36064bd2fc5d76a"
        }
    ]
}
