{
    "Subnets": [
        {
            "AvailabilityZone": "us-east-1a", 
            "Tags": [
                {
                    "Value": "midterm-public-1", 
                    "Key": "Name"
                }
            ], 
            "AvailableIpAddressCount": 247, 
            "DefaultForAz": false, 
            "Ipv6CidrBlockAssociationSet": [], 
            "VpcId": "vpc-0e2709d97198c5694", 
            "State": "available", 
            "MapPublicIpOnLaunch": false, 
            "SubnetId": "subnet-0bc8b0a6a26aa9648", 
            "CidrBlock": "10.183.1.0/24", 
            "AssignIpv6AddressOnCreation": false
        }, 
        {
            "AvailabilityZone": "us-east-1b", 
            "Tags": [
                {
                    "Value": "midterm-public-2", 
                    "Key": "Name"
                }
            ], 
            "AvailableIpAddressCount": 249, 
            "DefaultForAz": false, 
            "Ipv6CidrBlockAssociationSet": [], 
            "VpcId": "vpc-0e2709d97198c5694", 
            "State": "available", 
            "MapPublicIpOnLaunch": false, 
            "SubnetId": "subnet-0face766a1d43e0e8", 
            "CidrBlock": "10.183.2.0/24", 
            "AssignIpv6AddressOnCreation": false
        }, 
        {
            "AvailabilityZone": "us-east-1e", 
            "AvailableIpAddressCount": 4091, 
            "DefaultForAz": true, 
            "Ipv6CidrBlockAssociationSet": [], 
            "VpcId": "vpc-9767b4ed", 
            "State": "available", 
            "MapPublicIpOnLaunch": true, 
            "SubnetId": "subnet-97fa30a9", 
            "CidrBlock": "172.31.64.0/20", 
            "AssignIpv6AddressOnCreation": false
        }, 
        {
            "AvailabilityZone": "us-east-1f", 
            "AvailableIpAddressCount": 4091, 
            "DefaultForAz": true, 
            "Ipv6CidrBlockAssociationSet": [], 
            "VpcId": "vpc-9767b4ed", 
            "State": "available", 
            "MapPublicIpOnLaunch": true, 
            "SubnetId": "subnet-be0a72b1", 
            "CidrBlock": "172.31.48.0/20", 
            "AssignIpv6AddressOnCreation": false
        }, 
        {
            "AvailabilityZone": "us-east-1d", 
            "AvailableIpAddressCount": 4091, 
            "DefaultForAz": true, 
            "Ipv6CidrBlockAssociationSet": [], 
            "VpcId": "vpc-9767b4ed", 
            "State": "available", 
            "MapPublicIpOnLaunch": true, 
            "SubnetId": "subnet-6ae4620d", 
            "CidrBlock": "172.31.0.0/20", 
            "AssignIpv6AddressOnCreation": false
        }, 
        {
            "AvailabilityZone": "us-east-1a", 
            "AvailableIpAddressCount": 4091, 
            "DefaultForAz": true, 
            "Ipv6CidrBlockAssociationSet": [], 
            "VpcId": "vpc-9767b4ed", 
            "State": "available", 
            "MapPublicIpOnLaunch": true, 
            "SubnetId": "subnet-23fd700d", 
            "CidrBlock": "172.31.80.0/20", 
            "AssignIpv6AddressOnCreation": false
        }, 
        {
            "AvailabilityZone": "us-east-1c", 
            "AvailableIpAddressCount": 4091, 
            "DefaultForAz": true, 
            "Ipv6CidrBlockAssociationSet": [], 
            "VpcId": "vpc-9767b4ed", 
            "State": "available", 
            "MapPublicIpOnLaunch": true, 
            "SubnetId": "subnet-1d880b41", 
            "CidrBlock": "172.31.32.0/20", 
            "AssignIpv6AddressOnCreation": false
        }, 
        {
            "AvailabilityZone": "us-east-1a", 
            "Tags": [
                {
                    "Value": "midterm-private-1", 
                    "Key": "Name"
                }
            ], 
            "AvailableIpAddressCount": 250, 
            "DefaultForAz": false, 
            "Ipv6CidrBlockAssociationSet": [], 
            "VpcId": "vpc-0e2709d97198c5694", 
            "State": "available", 
            "MapPublicIpOnLaunch": false, 
            "SubnetId": "subnet-06f19e31417eb506c", 
            "CidrBlock": "10.183.3.0/24", 
            "AssignIpv6AddressOnCreation": false
        }, 
        {
            "AvailabilityZone": "us-east-1b", 
            "Tags": [
                {
                    "Value": "midterm-private-2", 
                    "Key": "Name"
                }
            ], 
            "AvailableIpAddressCount": 251, 
            "DefaultForAz": false, 
            "Ipv6CidrBlockAssociationSet": [], 
            "VpcId": "vpc-0e2709d97198c5694", 
            "State": "available", 
            "MapPublicIpOnLaunch": false, 
            "SubnetId": "subnet-0476f773a7b742bd4", 
            "CidrBlock": "10.183.4.0/24", 
            "AssignIpv6AddressOnCreation": false
        }, 
        {
            "AvailabilityZone": "us-east-1b", 
            "AvailableIpAddressCount": 4091, 
            "DefaultForAz": true, 
            "Ipv6CidrBlockAssociationSet": [], 
            "VpcId": "vpc-9767b4ed", 
            "State": "available", 
            "MapPublicIpOnLaunch": true, 
            "SubnetId": "subnet-5652041c", 
            "CidrBlock": "172.31.16.0/20", 
            "AssignIpv6AddressOnCreation": false
        }
    ]
}
