{
    "Vpcs": [
        {
            "VpcId": "vpc-0e2709d97198c5694", 
            "InstanceTenancy": "default", 
            "Tags": [
                {
                    "Value": "midterm-vpc", 
                    "Key": "Name"
                }
            ], 
            "CidrBlockAssociationSet": [
                {
                    "AssociationId": "vpc-cidr-assoc-02501685393681546", 
                    "CidrBlock": "10.183.0.0/16", 
                    "CidrBlockState": {
                        "State": "associated"
                    }
                }
            ], 
            "State": "available", 
            "DhcpOptionsId": "dopt-0784f87c", 
            "CidrBlock": "10.183.0.0/16", 
            "IsDefault": false
        }, 
        {
            "VpcId": "vpc-9767b4ed", 
            "InstanceTenancy": "default", 
            "CidrBlockAssociationSet": [
                {
                    "AssociationId": "vpc-cidr-assoc-6634980a", 
                    "CidrBlock": "172.31.0.0/16", 
                    "CidrBlockState": {
                        "State": "associated"
                    }
                }
            ], 
            "State": "available", 
            "DhcpOptionsId": "dopt-0784f87c", 
            "CidrBlock": "172.31.0.0/16", 
            "IsDefault": true
        }
    ]
}
