{
    "Events": [
        {
            "ApplicationName": "wordpress", 
            "EnvironmentName": "wordpress-dev", 
            "Severity": "INFO", 
            "RequestId": "b87cd111-9bf7-43fb-9c1c-79ee69cc00a3", 
            "Message": "terminateEnvironment completed successfully.", 
            "EventDate": "2018-11-01T18:18:46.548Z"
        }, 
        {
            "ApplicationName": "wordpress", 
            "EnvironmentName": "wordpress-dev", 
            "Severity": "INFO", 
            "RequestId": "b87cd111-9bf7-43fb-9c1c-79ee69cc00a3", 
            "Message": "Deleting SNS topic for environment wordpress-dev.", 
            "EventDate": "2018-11-01T18:18:45.107Z"
        }, 
        {
            "ApplicationName": "wordpress", 
            "EnvironmentName": "wordpress-dev", 
            "Severity": "INFO", 
            "RequestId": "b87cd111-9bf7-43fb-9c1c-79ee69cc00a3", 
            "Message": "Deleted security group named: sg-0fc81afc4d10b43f5", 
            "EventDate": "2018-11-01T18:18:43.196Z"
        }, 
        {
            "ApplicationName": "wordpress", 
            "EnvironmentName": "wordpress-dev", 
            "Severity": "INFO", 
            "RequestId": "b87cd111-9bf7-43fb-9c1c-79ee69cc00a3", 
            "Message": "Deleted security group named: awseb-e-iep2maswim-stack-AWSEBSecurityGroup-1R6SBPSIKCO8Q", 
            "EventDate": "2018-11-01T18:18:43.143Z"
        }, 
        {
            "ApplicationName": "wordpress", 
            "EnvironmentName": "wordpress-dev", 
            "Severity": "INFO", 
            "RequestId": "b87cd111-9bf7-43fb-9c1c-79ee69cc00a3", 
            "Message": "Deleted RDS database security group named: awseb-e-iep2maswim-stack-awsebrdsdbsecuritygroup-3d7pt0rno8un", 
            "EventDate": "2018-11-01T18:18:43.089Z"
        }, 
        {
            "ApplicationName": "wordpress", 
            "EnvironmentName": "wordpress-dev", 
            "Severity": "INFO", 
            "RequestId": "b87cd111-9bf7-43fb-9c1c-79ee69cc00a3", 
            "Message": "Deleted RDS database named: aaonbf6cj5fgtx", 
            "EventDate": "2018-11-01T18:18:43.024Z"
        }, 
        {
            "ApplicationName": "wordpress", 
            "EnvironmentName": "wordpress-dev", 
            "Message": "Environment health has transitioned from No Data to Severe. Terminate in progress (running for 4 minutes). There are no instances. Auto Scaling group desired capacity is set to zero. Auto Scaling group (awseb-e-iep2maswim-stack-AWSEBAutoScalingGroup-ZM3K33Z7BYIC) and Elastic Load Balancer (awseb-e-i-AWSEBLoa-PNIFTSSG9DVJ) have been deleted.", 
            "EventDate": "2018-11-01T18:11:21.317Z", 
            "Severity": "WARN"
        }, 
        {
            "ApplicationName": "wordpress", 
            "EnvironmentName": "wordpress-dev", 
            "Message": "Environment health has transitioned from Severe to No Data. Terminate in progress (running for 4 minutes). There are no instances. Auto Scaling group desired capacity is set to zero.", 
            "EventDate": "2018-11-01T18:10:21.381Z", 
            "Severity": "INFO"
        }, 
        {
            "ApplicationName": "wordpress", 
            "EnvironmentName": "wordpress-dev", 
            "Severity": "INFO", 
            "RequestId": "b87cd111-9bf7-43fb-9c1c-79ee69cc00a3", 
            "Message": "Deleted Auto Scaling launch configuration named: awseb-e-iep2maswim-stack-AWSEBAutoScalingLaunchConfiguration-71OX8FHXVVET", 
            "EventDate": "2018-11-01T18:09:48.134Z"
        }, 
        {
            "ApplicationName": "wordpress", 
            "EnvironmentName": "wordpress-dev", 
            "Severity": "INFO", 
            "RequestId": "b87cd111-9bf7-43fb-9c1c-79ee69cc00a3", 
            "Message": "Deleted load balancer named: awseb-e-i-AWSEBLoa-PNIFTSSG9DVJ", 
            "EventDate": "2018-11-01T18:09:48.092Z"
        }, 
        {
            "ApplicationName": "wordpress", 
            "EnvironmentName": "wordpress-dev", 
            "Severity": "INFO", 
            "RequestId": "b87cd111-9bf7-43fb-9c1c-79ee69cc00a3", 
            "Message": "Deleted Auto Scaling group named: awseb-e-iep2maswim-stack-AWSEBAutoScalingGroup-ZM3K33Z7BYIC", 
            "EventDate": "2018-11-01T18:09:48.031Z"
        }, 
        {
            "ApplicationName": "wordpress", 
            "EnvironmentName": "wordpress-dev", 
            "Message": "Removed instance [i-0da98a42703fbb652] from your environment.", 
            "EventDate": "2018-11-01T18:09:21.454Z", 
            "Severity": "INFO"
        }, 
        {
            "ApplicationName": "wordpress", 
            "EnvironmentName": "wordpress-dev", 
            "Message": "Environment health has transitioned from Info to Severe. Terminate in progress (running for 79 seconds). None of the instances are sending data.", 
            "EventDate": "2018-11-01T18:08:21.522Z", 
            "Severity": "WARN"
        }, 
        {
            "ApplicationName": "wordpress", 
            "EnvironmentName": "wordpress-dev", 
            "Message": "Environment health has transitioned from Ok to Info. Terminate in progress (running for 10 seconds).", 
            "EventDate": "2018-11-01T18:07:21.581Z", 
            "Severity": "INFO"
        }, 
        {
            "ApplicationName": "wordpress", 
            "EnvironmentName": "wordpress-dev", 
            "Severity": "INFO", 
            "RequestId": "b87cd111-9bf7-43fb-9c1c-79ee69cc00a3", 
            "Message": "Waiting for EC2 instances to terminate. This may take a few minutes.", 
            "EventDate": "2018-11-01T18:06:59.768Z"
        }, 
        {
            "ApplicationName": "wordpress", 
            "EnvironmentName": "wordpress-dev", 
            "Severity": "INFO", 
            "RequestId": "b87cd111-9bf7-43fb-9c1c-79ee69cc00a3", 
            "Message": "Deleted Auto Scaling group policy named: arn:aws:autoscaling:us-east-1:505351525615:scalingPolicy:020a95e1-6373-4fc1-a522-08a1fb13319c:autoScalingGroupName/awseb-e-iep2maswim-stack-AWSEBAutoScalingGroup-ZM3K33Z7BYIC:policyName/awseb-e-iep2maswim-stack-AWSEBAutoScalingScaleDownPolicy-1JGVL5P0VKKQM", 
            "EventDate": "2018-11-01T18:06:59.733Z"
        }, 
        {
            "ApplicationName": "wordpress", 
            "EnvironmentName": "wordpress-dev", 
            "Severity": "INFO", 
            "RequestId": "b87cd111-9bf7-43fb-9c1c-79ee69cc00a3", 
            "Message": "Deleted Auto Scaling group policy named: arn:aws:autoscaling:us-east-1:505351525615:scalingPolicy:d771edff-7e2c-4b79-b367-9b81eb488020:autoScalingGroupName/awseb-e-iep2maswim-stack-AWSEBAutoScalingGroup-ZM3K33Z7BYIC:policyName/awseb-e-iep2maswim-stack-AWSEBAutoScalingScaleUpPolicy-1VXLTQVV95ZY0", 
            "EventDate": "2018-11-01T18:06:59.694Z"
        }, 
        {
            "ApplicationName": "wordpress", 
            "EnvironmentName": "wordpress-dev", 
            "Severity": "INFO", 
            "RequestId": "b87cd111-9bf7-43fb-9c1c-79ee69cc00a3", 
            "Message": "Deleted CloudWatch alarm named: awseb-e-iep2maswim-stack-AWSEBCloudwatchAlarmLow-1LHLUMAINV7XL ", 
            "EventDate": "2018-11-01T18:06:59.659Z"
        }, 
        {
            "ApplicationName": "wordpress", 
            "EnvironmentName": "wordpress-dev", 
            "Severity": "INFO", 
            "RequestId": "b87cd111-9bf7-43fb-9c1c-79ee69cc00a3", 
            "Message": "Deleted CloudWatch alarm named: awseb-e-iep2maswim-stack-AWSEBCloudwatchAlarmHigh-1IYGBODENI67 ", 
            "EventDate": "2018-11-01T18:06:59.600Z"
        }, 
        {
            "ApplicationName": "wordpress", 
            "EnvironmentName": "wordpress-dev", 
            "Severity": "INFO", 
            "RequestId": "b87cd111-9bf7-43fb-9c1c-79ee69cc00a3", 
            "Message": "terminateEnvironment is starting.", 
            "EventDate": "2018-11-01T18:06:42.121Z"
        }, 
        {
            "ApplicationName": "wordpress", 
            "EnvironmentName": "wordpress-dev", 
            "Message": "Environment health has transitioned from Degraded to Ok.", 
            "EventDate": "2018-11-01T18:06:21.655Z", 
            "Severity": "INFO"
        }, 
        {
            "ApplicationName": "wordpress", 
            "EnvironmentName": "wordpress-dev", 
            "Message": "Environment health has transitioned from Ok to Degraded. No data received from 1 out of 2 instances.", 
            "EventDate": "2018-11-01T18:04:21.786Z", 
            "Severity": "WARN"
        }, 
        {
            "ApplicationName": "wordpress", 
            "EnvironmentName": "wordpress-dev", 
            "Message": "Removed instance [i-011f71538b1185096] from your environment.", 
            "EventDate": "2018-11-01T18:04:21.786Z", 
            "Severity": "INFO"
        }, 
        {
            "ApplicationName": "wordpress", 
            "EnvironmentName": "wordpress-dev", 
            "Severity": "INFO", 
            "RequestId": "d38abbd5-dc14-4929-a936-73877c99415e", 
            "Message": "Environment update completed successfully.", 
            "EventDate": "2018-11-01T18:02:24.842Z"
        }, 
        {
            "ApplicationName": "wordpress", 
            "EnvironmentName": "wordpress-dev", 
            "Severity": "INFO", 
            "RequestId": "d38abbd5-dc14-4929-a936-73877c99415e", 
            "Message": "Successfully deployed new configuration to environment.", 
            "EventDate": "2018-11-01T18:02:24.793Z"
        }, 
        {
            "ApplicationName": "wordpress", 
            "EnvironmentName": "wordpress-dev", 
            "Severity": "INFO", 
            "RequestId": "d38abbd5-dc14-4929-a936-73877c99415e", 
            "Message": "Updating environment wordpress-dev's configuration settings.", 
            "EventDate": "2018-11-01T18:01:32.392Z"
        }, 
        {
            "ApplicationName": "wordpress", 
            "EnvironmentName": "wordpress-dev", 
            "Severity": "INFO", 
            "RequestId": "d38abbd5-dc14-4929-a936-73877c99415e", 
            "Message": "Environment update is starting.", 
            "EventDate": "2018-11-01T18:01:24.961Z"
        }, 
        {
            "ApplicationName": "wordpress", 
            "EnvironmentName": "wordpress-dev", 
            "Message": "Environment health has transitioned from Pending to Ok. Initialization completed 17 seconds ago and took 13 minutes.", 
            "EventDate": "2018-11-01T16:56:26.251Z", 
            "Severity": "INFO"
        }, 
        {
            "ApplicationName": "wordpress", 
            "EnvironmentName": "wordpress-dev", 
            "Severity": "INFO", 
            "RequestId": "0eb53733-f847-4a35-ba01-4df26b939167", 
            "Message": "Successfully launched environment: wordpress-dev", 
            "EventDate": "2018-11-01T16:56:08.679Z"
        }, 
        {
            "ApplicationName": "wordpress", 
            "EnvironmentName": "wordpress-dev", 
            "Severity": "INFO", 
            "RequestId": "0eb53733-f847-4a35-ba01-4df26b939167", 
            "Message": "Application available at wordpress-dev.yuknhqs2zf.us-east-1.elasticbeanstalk.com.", 
            "EventDate": "2018-11-01T16:56:07.878Z"
        }, 
        {
            "ApplicationName": "wordpress", 
            "EnvironmentName": "wordpress-dev", 
            "Severity": "INFO", 
            "RequestId": "0eb53733-f847-4a35-ba01-4df26b939167", 
            "Message": "Created CloudWatch alarm named: awseb-e-iep2maswim-stack-AWSEBCloudwatchAlarmLow-1LHLUMAINV7XL", 
            "EventDate": "2018-11-01T16:55:28.245Z"
        }, 
        {
            "ApplicationName": "wordpress", 
            "EnvironmentName": "wordpress-dev", 
            "Severity": "INFO", 
            "RequestId": "0eb53733-f847-4a35-ba01-4df26b939167", 
            "Message": "Created CloudWatch alarm named: awseb-e-iep2maswim-stack-AWSEBCloudwatchAlarmHigh-1IYGBODENI67", 
            "EventDate": "2018-11-01T16:55:28.194Z"
        }, 
        {
            "ApplicationName": "wordpress", 
            "EnvironmentName": "wordpress-dev", 
            "Severity": "INFO", 
            "RequestId": "0eb53733-f847-4a35-ba01-4df26b939167", 
            "Message": "Created Auto Scaling group policy named: arn:aws:autoscaling:us-east-1:505351525615:scalingPolicy:020a95e1-6373-4fc1-a522-08a1fb13319c:autoScalingGroupName/awseb-e-iep2maswim-stack-AWSEBAutoScalingGroup-ZM3K33Z7BYIC:policyName/awseb-e-iep2maswim-stack-AWSEBAutoScalingScaleDownPolicy-1JGVL5P0VKKQM", 
            "EventDate": "2018-11-01T16:55:28.142Z"
        }, 
        {
            "ApplicationName": "wordpress", 
            "EnvironmentName": "wordpress-dev", 
            "Severity": "INFO", 
            "RequestId": "0eb53733-f847-4a35-ba01-4df26b939167", 
            "Message": "Created Auto Scaling group policy named: arn:aws:autoscaling:us-east-1:505351525615:scalingPolicy:d771edff-7e2c-4b79-b367-9b81eb488020:autoScalingGroupName/awseb-e-iep2maswim-stack-AWSEBAutoScalingGroup-ZM3K33Z7BYIC:policyName/awseb-e-iep2maswim-stack-AWSEBAutoScalingScaleUpPolicy-1VXLTQVV95ZY0", 
            "EventDate": "2018-11-01T16:55:28.091Z"
        }, 
        {
            "ApplicationName": "wordpress", 
            "EnvironmentName": "wordpress-dev", 
            "Severity": "INFO", 
            "RequestId": "0eb53733-f847-4a35-ba01-4df26b939167", 
            "Message": "Waiting for EC2 instances to launch. This may take a few minutes.", 
            "EventDate": "2018-11-01T16:55:28.016Z"
        }, 
        {
            "ApplicationName": "wordpress", 
            "EnvironmentName": "wordpress-dev", 
            "Severity": "INFO", 
            "RequestId": "0eb53733-f847-4a35-ba01-4df26b939167", 
            "Message": "Created Auto Scaling group named: awseb-e-iep2maswim-stack-AWSEBAutoScalingGroup-ZM3K33Z7BYIC", 
            "EventDate": "2018-11-01T16:55:27.915Z"
        }, 
        {
            "ApplicationName": "wordpress", 
            "EnvironmentName": "wordpress-dev", 
            "Message": "Added instances [i-011f71538b1185096, i-0da98a42703fbb652] to your environment.", 
            "EventDate": "2018-11-01T16:55:26.323Z", 
            "Severity": "INFO"
        }, 
        {
            "ApplicationName": "wordpress", 
            "EnvironmentName": "wordpress-dev", 
            "Severity": "INFO", 
            "RequestId": "0eb53733-f847-4a35-ba01-4df26b939167", 
            "Message": "Created RDS database named: aaonbf6cj5fgtx", 
            "EventDate": "2018-11-01T16:54:24.987Z"
        }, 
        {
            "ApplicationName": "wordpress", 
            "EnvironmentName": "wordpress-dev", 
            "Message": "Environment health has transitioned to Pending. Initialization in progress (running for 20 seconds). There are no instances.", 
            "EventDate": "2018-11-01T16:44:27.080Z", 
            "Severity": "INFO"
        }, 
        {
            "ApplicationName": "wordpress", 
            "EnvironmentName": "wordpress-dev", 
            "Severity": "INFO", 
            "RequestId": "0eb53733-f847-4a35-ba01-4df26b939167", 
            "Message": "Creating RDS database named: aaonbf6cj5fgtx. This may take a few minutes.", 
            "EventDate": "2018-11-01T16:44:11.560Z"
        }, 
        {
            "ApplicationName": "wordpress", 
            "EnvironmentName": "wordpress-dev", 
            "Severity": "INFO", 
            "RequestId": "0eb53733-f847-4a35-ba01-4df26b939167", 
            "Message": "Created RDS database security group named: awseb-e-iep2maswim-stack-awsebrdsdbsecuritygroup-3d7pt0rno8un", 
            "EventDate": "2018-11-01T16:43:55.227Z"
        }, 
        {
            "ApplicationName": "wordpress", 
            "EnvironmentName": "wordpress-dev", 
            "Severity": "INFO", 
            "RequestId": "0eb53733-f847-4a35-ba01-4df26b939167", 
            "Message": "Created Auto Scaling launch configuration named: awseb-e-iep2maswim-stack-AWSEBAutoScalingLaunchConfiguration-71OX8FHXVVET", 
            "EventDate": "2018-11-01T16:43:55.173Z"
        }, 
        {
            "ApplicationName": "wordpress", 
            "EnvironmentName": "wordpress-dev", 
            "Severity": "INFO", 
            "RequestId": "0eb53733-f847-4a35-ba01-4df26b939167", 
            "Message": "Created security group named: awseb-e-iep2maswim-stack-AWSEBSecurityGroup-1R6SBPSIKCO8Q", 
            "EventDate": "2018-11-01T16:43:55.118Z"
        }, 
        {
            "ApplicationName": "wordpress", 
            "EnvironmentName": "wordpress-dev", 
            "Severity": "INFO", 
            "RequestId": "0eb53733-f847-4a35-ba01-4df26b939167", 
            "Message": "Created load balancer named: awseb-e-i-AWSEBLoa-PNIFTSSG9DVJ", 
            "EventDate": "2018-11-01T16:43:55.055Z"
        }, 
        {
            "ApplicationName": "wordpress", 
            "EnvironmentName": "wordpress-dev", 
            "Severity": "INFO", 
            "RequestId": "0eb53733-f847-4a35-ba01-4df26b939167", 
            "Message": "Created security group named: sg-0fc81afc4d10b43f5", 
            "EventDate": "2018-11-01T16:43:39.620Z"
        }, 
        {
            "ApplicationName": "wordpress", 
            "EnvironmentName": "wordpress-dev", 
            "Severity": "INFO", 
            "RequestId": "0eb53733-f847-4a35-ba01-4df26b939167", 
            "Message": "Using elasticbeanstalk-us-east-1-505351525615 as Amazon S3 storage bucket for environment data.", 
            "EventDate": "2018-11-01T16:43:17.051Z"
        }, 
        {
            "ApplicationName": "wordpress", 
            "EnvironmentName": "wordpress-dev", 
            "Severity": "INFO", 
            "RequestId": "0eb53733-f847-4a35-ba01-4df26b939167", 
            "Message": "createEnvironment is starting.", 
            "EventDate": "2018-11-01T16:43:15.359Z"
        }, 
        {
            "ApplicationName": "wordpress", 
            "VersionLabel": "app-309e-181101_164312", 
            "Severity": "INFO", 
            "RequestId": "28ff28f7-0e49-4046-b534-2850c3c1058d", 
            "Message": "createApplicationVersion completed successfully.", 
            "EventDate": "2018-11-01T16:43:14.176Z"
        }, 
        {
            "ApplicationName": "wordpress", 
            "VersionLabel": "app-309e-181101_164312", 
            "Severity": "INFO", 
            "RequestId": "28ff28f7-0e49-4046-b534-2850c3c1058d", 
            "Message": "Created new Application Version: app-309e-181101_164312", 
            "EventDate": "2018-11-01T16:43:14.042Z"
        }, 
        {
            "ApplicationName": "wordpress", 
            "VersionLabel": "app-309e-181101_164312", 
            "Severity": "INFO", 
            "RequestId": "28ff28f7-0e49-4046-b534-2850c3c1058d", 
            "Message": "createApplicationVersion is starting.", 
            "EventDate": "2018-11-01T16:43:13.964Z"
        }, 
        {
            "ApplicationName": "wordpress", 
            "EnvironmentName": "wordpress-dev", 
            "Severity": "INFO", 
            "RequestId": "54b90609-ad25-4722-afea-00af65098fda", 
            "Message": "terminateEnvironment completed successfully.", 
            "EventDate": "2018-10-30T04:57:58.052Z"
        }, 
        {
            "ApplicationName": "wordpress", 
            "EnvironmentName": "wordpress-dev", 
            "Severity": "INFO", 
            "RequestId": "54b90609-ad25-4722-afea-00af65098fda", 
            "Message": "Deleting SNS topic for environment wordpress-dev.", 
            "EventDate": "2018-10-30T04:57:57.034Z"
        }, 
        {
            "ApplicationName": "wordpress", 
            "EnvironmentName": "wordpress-dev", 
            "Severity": "INFO", 
            "RequestId": "54b90609-ad25-4722-afea-00af65098fda", 
            "Message": "Deleted security group named: sg-038b6fc92c8910e24", 
            "EventDate": "2018-10-30T04:57:54.432Z"
        }, 
        {
            "ApplicationName": "wordpress", 
            "EnvironmentName": "wordpress-dev", 
            "Severity": "INFO", 
            "RequestId": "54b90609-ad25-4722-afea-00af65098fda", 
            "Message": "Deleted security group named: awseb-e-ihxmi68uf2-stack-AWSEBSecurityGroup-1PBCAX30VLBWE", 
            "EventDate": "2018-10-30T04:57:54.393Z"
        }, 
        {
            "ApplicationName": "wordpress", 
            "EnvironmentName": "wordpress-dev", 
            "Severity": "INFO", 
            "RequestId": "54b90609-ad25-4722-afea-00af65098fda", 
            "Message": "Deleted RDS database security group named: awseb-e-ihxmi68uf2-stack-awsebrdsdbsecuritygroup-1juqoh7a6nhpd", 
            "EventDate": "2018-10-30T04:57:54.357Z"
        }, 
        {
            "ApplicationName": "wordpress", 
            "EnvironmentName": "wordpress-dev", 
            "Severity": "INFO", 
            "RequestId": "54b90609-ad25-4722-afea-00af65098fda", 
            "Message": "Deleted RDS database named: aaqp2vlpgeh5es", 
            "EventDate": "2018-10-30T04:57:54.267Z"
        }, 
        {
            "ApplicationName": "wordpress", 
            "EnvironmentName": "wordpress-dev", 
            "Message": "Environment health has transitioned from No Data to Severe. Terminate in progress (running for 4 minutes). There are no instances. Auto Scaling group desired capacity is set to zero. Auto Scaling group (awseb-e-ihxmi68uf2-stack-AWSEBAutoScalingGroup-1WHURRJON08AW) and Elastic Load Balancer (awseb-e-i-AWSEBLoa-E52H6GCAP23Y) have been deleted.", 
            "EventDate": "2018-10-30T04:52:10.957Z", 
            "Severity": "WARN"
        }, 
        {
            "ApplicationName": "wordpress", 
            "EnvironmentName": "wordpress-dev", 
            "Message": "Environment health has transitioned from Severe to No Data. Terminate in progress (running for 3 minutes). There are no instances. Auto Scaling group desired capacity is set to zero.", 
            "EventDate": "2018-10-30T04:51:11.023Z", 
            "Severity": "INFO"
        }, 
        {
            "ApplicationName": "wordpress", 
            "EnvironmentName": "wordpress-dev", 
            "Severity": "INFO", 
            "RequestId": "54b90609-ad25-4722-afea-00af65098fda", 
            "Message": "Deleted Auto Scaling launch configuration named: awseb-e-ihxmi68uf2-stack-AWSEBAutoScalingLaunchConfiguration-IEHMXZ6FAHC7", 
            "EventDate": "2018-10-30T04:50:30.920Z"
        }, 
        {
            "ApplicationName": "wordpress", 
            "EnvironmentName": "wordpress-dev", 
            "Severity": "INFO", 
            "RequestId": "54b90609-ad25-4722-afea-00af65098fda", 
            "Message": "Deleted load balancer named: awseb-e-i-AWSEBLoa-E52H6GCAP23Y", 
            "EventDate": "2018-10-30T04:50:30.880Z"
        }, 
        {
            "ApplicationName": "wordpress", 
            "EnvironmentName": "wordpress-dev", 
            "Severity": "INFO", 
            "RequestId": "54b90609-ad25-4722-afea-00af65098fda", 
            "Message": "Deleted Auto Scaling group named: awseb-e-ihxmi68uf2-stack-AWSEBAutoScalingGroup-1WHURRJON08AW", 
            "EventDate": "2018-10-30T04:50:30.805Z"
        }, 
        {
            "ApplicationName": "wordpress", 
            "EnvironmentName": "wordpress-dev", 
            "Message": "Environment health has transitioned from Info to Severe. Terminate in progress (running for 2 minutes). None of the instances are sending data.", 
            "EventDate": "2018-10-30T04:50:11.084Z", 
            "Severity": "WARN"
        }, 
        {
            "ApplicationName": "wordpress", 
            "EnvironmentName": "wordpress-dev", 
            "Message": "Removed instance [i-05d66847423a65a4f] from your environment.", 
            "EventDate": "2018-10-30T04:50:11.084Z", 
            "Severity": "INFO"
        }, 
        {
            "ApplicationName": "wordpress", 
            "EnvironmentName": "wordpress-dev", 
            "Message": "Environment health has transitioned from Ok to Info. Terminate in progress (running for 27 seconds).", 
            "EventDate": "2018-10-30T04:48:11.222Z", 
            "Severity": "INFO"
        }, 
        {
            "ApplicationName": "wordpress", 
            "EnvironmentName": "wordpress-dev", 
            "Severity": "INFO", 
            "RequestId": "54b90609-ad25-4722-afea-00af65098fda", 
            "Message": "Waiting for EC2 instances to terminate. This may take a few minutes.", 
            "EventDate": "2018-10-30T04:47:58.148Z"
        }, 
        {
            "ApplicationName": "wordpress", 
            "EnvironmentName": "wordpress-dev", 
            "Severity": "INFO", 
            "RequestId": "54b90609-ad25-4722-afea-00af65098fda", 
            "Message": "Deleted Auto Scaling group policy named: arn:aws:autoscaling:us-east-1:505351525615:scalingPolicy:6ad2b817-e178-488c-99c3-653fbe80af6f:autoScalingGroupName/awseb-e-ihxmi68uf2-stack-AWSEBAutoScalingGroup-1WHURRJON08AW:policyName/awseb-e-ihxmi68uf2-stack-AWSEBAutoScalingScaleUpPolicy-DXU093WBTPEY", 
            "EventDate": "2018-10-30T04:47:58.094Z"
        }, 
        {
            "ApplicationName": "wordpress", 
            "EnvironmentName": "wordpress-dev", 
            "Severity": "INFO", 
            "RequestId": "54b90609-ad25-4722-afea-00af65098fda", 
            "Message": "Deleted Auto Scaling group policy named: arn:aws:autoscaling:us-east-1:505351525615:scalingPolicy:d0cb4c99-ee11-4c26-b7b1-1e7e1df0d216:autoScalingGroupName/awseb-e-ihxmi68uf2-stack-AWSEBAutoScalingGroup-1WHURRJON08AW:policyName/awseb-e-ihxmi68uf2-stack-AWSEBAutoScalingScaleDownPolicy-DV9T41XITR8E", 
            "EventDate": "2018-10-30T04:47:58.041Z"
        }, 
        {
            "ApplicationName": "wordpress", 
            "EnvironmentName": "wordpress-dev", 
            "Severity": "INFO", 
            "RequestId": "54b90609-ad25-4722-afea-00af65098fda", 
            "Message": "Deleted CloudWatch alarm named: awseb-e-ihxmi68uf2-stack-AWSEBCloudwatchAlarmHigh-1IBKCYGHVAMVE ", 
            "EventDate": "2018-10-30T04:47:57.980Z"
        }, 
        {
            "ApplicationName": "wordpress", 
            "EnvironmentName": "wordpress-dev", 
            "Severity": "INFO", 
            "RequestId": "54b90609-ad25-4722-afea-00af65098fda", 
            "Message": "Deleted CloudWatch alarm named: awseb-e-ihxmi68uf2-stack-AWSEBCloudwatchAlarmLow-M2T5DLZAFQ1T ", 
            "EventDate": "2018-10-30T04:47:57.687Z"
        }, 
        {
            "ApplicationName": "wordpress", 
            "EnvironmentName": "wordpress-dev", 
            "Severity": "INFO", 
            "RequestId": "54b90609-ad25-4722-afea-00af65098fda", 
            "Message": "terminateEnvironment is starting.", 
            "EventDate": "2018-10-30T04:47:40.371Z"
        }, 
        {
            "ApplicationName": "wordpress", 
            "EnvironmentName": "wordpress-dev", 
            "Message": "Environment health has transitioned from Degraded to Ok.", 
            "EventDate": "2018-10-30T04:40:11.722Z", 
            "Severity": "INFO"
        }, 
        {
            "ApplicationName": "wordpress", 
            "EnvironmentName": "wordpress-dev", 
            "Message": "Environment health has transitioned from Ok to Degraded. No data received from 1 out of 2 instances.", 
            "EventDate": "2018-10-30T04:39:11.792Z", 
            "Severity": "WARN"
        }, 
        {
            "ApplicationName": "wordpress", 
            "EnvironmentName": "wordpress-dev", 
            "Message": "Removed instance [i-053861b53766d6860] from your environment.", 
            "EventDate": "2018-10-30T04:39:11.792Z", 
            "Severity": "INFO"
        }, 
        {
            "ApplicationName": "wordpress", 
            "EnvironmentName": "wordpress-dev", 
            "Severity": "INFO", 
            "RequestId": "6b3458e4-e5e6-4715-b1f6-a3847adef9ba", 
            "Message": "Environment update completed successfully.", 
            "EventDate": "2018-10-30T04:37:38.440Z"
        }, 
        {
            "ApplicationName": "wordpress", 
            "EnvironmentName": "wordpress-dev", 
            "Severity": "INFO", 
            "RequestId": "6b3458e4-e5e6-4715-b1f6-a3847adef9ba", 
            "Message": "Successfully deployed new configuration to environment.", 
            "EventDate": "2018-10-30T04:37:38.343Z"
        }, 
        {
            "ApplicationName": "wordpress", 
            "EnvironmentName": "wordpress-dev", 
            "Severity": "INFO", 
            "RequestId": "6b3458e4-e5e6-4715-b1f6-a3847adef9ba", 
            "Message": "Updating environment wordpress-dev's configuration settings.", 
            "EventDate": "2018-10-30T04:36:45.281Z"
        }, 
        {
            "ApplicationName": "wordpress", 
            "EnvironmentName": "wordpress-dev", 
            "Severity": "INFO", 
            "RequestId": "6b3458e4-e5e6-4715-b1f6-a3847adef9ba", 
            "Message": "Environment update is starting.", 
            "EventDate": "2018-10-30T04:36:37.651Z"
        }, 
        {
            "ApplicationName": "wordpress", 
            "EnvironmentName": "wordpress-dev", 
            "Message": "Environment health has transitioned from Pending to Ok. Initialization completed 47 seconds ago and took 12 minutes.", 
            "EventDate": "2018-10-30T03:50:14.873Z", 
            "Severity": "INFO"
        }, 
        {
            "ApplicationName": "wordpress", 
            "EnvironmentName": "wordpress-dev", 
            "Severity": "INFO", 
            "RequestId": "0c499f69-cccf-43ea-92a4-c2f371fdd2fd", 
            "Message": "Successfully launched environment: wordpress-dev", 
            "EventDate": "2018-10-30T03:49:38.959Z"
        }, 
        {
            "ApplicationName": "wordpress", 
            "EnvironmentName": "wordpress-dev", 
            "Severity": "INFO", 
            "RequestId": "0c499f69-cccf-43ea-92a4-c2f371fdd2fd", 
            "Message": "Application available at wordpress-dev.yuknhqs2zf.us-east-1.elasticbeanstalk.com.", 
            "EventDate": "2018-10-30T03:49:38.501Z"
        }, 
        {
            "ApplicationName": "wordpress", 
            "EnvironmentName": "wordpress-dev", 
            "Message": "Added instances [i-053861b53766d6860, i-05d66847423a65a4f] to your environment.", 
            "EventDate": "2018-10-30T03:49:14.946Z", 
            "Severity": "INFO"
        }, 
        {
            "ApplicationName": "wordpress", 
            "EnvironmentName": "wordpress-dev", 
            "Severity": "INFO", 
            "RequestId": "0c499f69-cccf-43ea-92a4-c2f371fdd2fd", 
            "Message": "Created CloudWatch alarm named: awseb-e-ihxmi68uf2-stack-AWSEBCloudwatchAlarmHigh-1IBKCYGHVAMVE", 
            "EventDate": "2018-10-30T03:49:14.539Z"
        }, 
        {
            "ApplicationName": "wordpress", 
            "EnvironmentName": "wordpress-dev", 
            "Severity": "INFO", 
            "RequestId": "0c499f69-cccf-43ea-92a4-c2f371fdd2fd", 
            "Message": "Created CloudWatch alarm named: awseb-e-ihxmi68uf2-stack-AWSEBCloudwatchAlarmLow-M2T5DLZAFQ1T", 
            "EventDate": "2018-10-30T03:49:14.486Z"
        }, 
        {
            "ApplicationName": "wordpress", 
            "EnvironmentName": "wordpress-dev", 
            "Severity": "INFO", 
            "RequestId": "0c499f69-cccf-43ea-92a4-c2f371fdd2fd", 
            "Message": "Created Auto Scaling group policy named: arn:aws:autoscaling:us-east-1:505351525615:scalingPolicy:6ad2b817-e178-488c-99c3-653fbe80af6f:autoScalingGroupName/awseb-e-ihxmi68uf2-stack-AWSEBAutoScalingGroup-1WHURRJON08AW:policyName/awseb-e-ihxmi68uf2-stack-AWSEBAutoScalingScaleUpPolicy-DXU093WBTPEY", 
            "EventDate": "2018-10-30T03:49:14.435Z"
        }, 
        {
            "ApplicationName": "wordpress", 
            "EnvironmentName": "wordpress-dev", 
            "Severity": "INFO", 
            "RequestId": "0c499f69-cccf-43ea-92a4-c2f371fdd2fd", 
            "Message": "Created Auto Scaling group policy named: arn:aws:autoscaling:us-east-1:505351525615:scalingPolicy:d0cb4c99-ee11-4c26-b7b1-1e7e1df0d216:autoScalingGroupName/awseb-e-ihxmi68uf2-stack-AWSEBAutoScalingGroup-1WHURRJON08AW:policyName/awseb-e-ihxmi68uf2-stack-AWSEBAutoScalingScaleDownPolicy-DV9T41XITR8E", 
            "EventDate": "2018-10-30T03:49:14.384Z"
        }, 
        {
            "ApplicationName": "wordpress", 
            "EnvironmentName": "wordpress-dev", 
            "Severity": "INFO", 
            "RequestId": "0c499f69-cccf-43ea-92a4-c2f371fdd2fd", 
            "Message": "Waiting for EC2 instances to launch. This may take a few minutes.", 
            "EventDate": "2018-10-30T03:49:14.309Z"
        }, 
        {
            "ApplicationName": "wordpress", 
            "EnvironmentName": "wordpress-dev", 
            "Severity": "INFO", 
            "RequestId": "0c499f69-cccf-43ea-92a4-c2f371fdd2fd", 
            "Message": "Created Auto Scaling group named: awseb-e-ihxmi68uf2-stack-AWSEBAutoScalingGroup-1WHURRJON08AW", 
            "EventDate": "2018-10-30T03:49:14.230Z"
        }, 
        {
            "ApplicationName": "wordpress", 
            "EnvironmentName": "wordpress-dev", 
            "Severity": "INFO", 
            "RequestId": "0c499f69-cccf-43ea-92a4-c2f371fdd2fd", 
            "Message": "Created RDS database named: aaqp2vlpgeh5es", 
            "EventDate": "2018-10-30T03:48:11.386Z"
        }, 
        {
            "ApplicationName": "wordpress", 
            "EnvironmentName": "wordpress-dev", 
            "Severity": "INFO", 
            "RequestId": "0c499f69-cccf-43ea-92a4-c2f371fdd2fd", 
            "Message": "Creating RDS database named: aaqp2vlpgeh5es. This may take a few minutes.", 
            "EventDate": "2018-10-30T03:38:44.320Z"
        }, 
        {
            "ApplicationName": "wordpress", 
            "EnvironmentName": "wordpress-dev", 
            "Severity": "INFO", 
            "RequestId": "0c499f69-cccf-43ea-92a4-c2f371fdd2fd", 
            "Message": "Created RDS database security group named: awseb-e-ihxmi68uf2-stack-awsebrdsdbsecuritygroup-1juqoh7a6nhpd", 
            "EventDate": "2018-10-30T03:38:27.907Z"
        }, 
        {
            "ApplicationName": "wordpress", 
            "EnvironmentName": "wordpress-dev", 
            "Severity": "INFO", 
            "RequestId": "0c499f69-cccf-43ea-92a4-c2f371fdd2fd", 
            "Message": "Created Auto Scaling launch configuration named: awseb-e-ihxmi68uf2-stack-AWSEBAutoScalingLaunchConfiguration-IEHMXZ6FAHC7", 
            "EventDate": "2018-10-30T03:38:27.848Z"
        }, 
        {
            "ApplicationName": "wordpress", 
            "EnvironmentName": "wordpress-dev", 
            "Severity": "INFO", 
            "RequestId": "0c499f69-cccf-43ea-92a4-c2f371fdd2fd", 
            "Message": "Created security group named: awseb-e-ihxmi68uf2-stack-AWSEBSecurityGroup-1PBCAX30VLBWE", 
            "EventDate": "2018-10-30T03:38:27.788Z"
        }, 
        {
            "ApplicationName": "wordpress", 
            "EnvironmentName": "wordpress-dev", 
            "Severity": "INFO", 
            "RequestId": "0c499f69-cccf-43ea-92a4-c2f371fdd2fd", 
            "Message": "Created load balancer named: awseb-e-i-AWSEBLoa-E52H6GCAP23Y", 
            "EventDate": "2018-10-30T03:38:27.724Z"
        }, 
        {
            "ApplicationName": "wordpress", 
            "EnvironmentName": "wordpress-dev", 
            "Message": "Environment health has transitioned to Pending. Initialization in progress (running for 8 seconds). There are no instances.", 
            "EventDate": "2018-10-30T03:38:15.669Z", 
            "Severity": "INFO"
        }, 
        {
            "ApplicationName": "wordpress", 
            "EnvironmentName": "wordpress-dev", 
            "Severity": "INFO", 
            "RequestId": "0c499f69-cccf-43ea-92a4-c2f371fdd2fd", 
            "Message": "Created security group named: sg-038b6fc92c8910e24", 
            "EventDate": "2018-10-30T03:38:12.154Z"
        }, 
        {
            "ApplicationName": "wordpress", 
            "EnvironmentName": "wordpress-dev", 
            "Severity": "INFO", 
            "RequestId": "0c499f69-cccf-43ea-92a4-c2f371fdd2fd", 
            "Message": "Using elasticbeanstalk-us-east-1-505351525615 as Amazon S3 storage bucket for environment data.", 
            "EventDate": "2018-10-30T03:37:45.049Z"
        }, 
        {
            "ApplicationName": "wordpress", 
            "EnvironmentName": "wordpress-dev", 
            "Severity": "INFO", 
            "RequestId": "0c499f69-cccf-43ea-92a4-c2f371fdd2fd", 
            "Message": "createEnvironment is starting.", 
            "EventDate": "2018-10-30T03:37:43.518Z"
        }, 
        {
            "ApplicationName": "wordpress", 
            "VersionLabel": "app-309e-181030_033740", 
            "Severity": "INFO", 
            "RequestId": "0f79697b-6164-4ca6-89ec-cb62695a6775", 
            "Message": "createApplicationVersion completed successfully.", 
            "EventDate": "2018-10-30T03:37:42.269Z"
        }, 
        {
            "ApplicationName": "wordpress", 
            "VersionLabel": "app-309e-181030_033740", 
            "Severity": "INFO", 
            "RequestId": "0f79697b-6164-4ca6-89ec-cb62695a6775", 
            "Message": "Created new Application Version: app-309e-181030_033740", 
            "EventDate": "2018-10-30T03:37:42.181Z"
        }, 
        {
            "ApplicationName": "wordpress", 
            "VersionLabel": "app-309e-181030_033740", 
            "Severity": "INFO", 
            "RequestId": "0f79697b-6164-4ca6-89ec-cb62695a6775", 
            "Message": "createApplicationVersion is starting.", 
            "EventDate": "2018-10-30T03:37:42.093Z"
        }, 
        {
            "ApplicationName": "wordpress", 
            "Message": "createApplication completed successfully.", 
            "Severity": "INFO", 
            "EventDate": "2018-10-30T03:03:13.362Z", 
            "RequestId": "1c2c54aa-12ca-4a1b-be28-d8f320fa3bb3"
        }, 
        {
            "ApplicationName": "wordpress", 
            "Message": "Created new Application: wordpress", 
            "Severity": "INFO", 
            "EventDate": "2018-10-30T03:03:13.224Z", 
            "RequestId": "1c2c54aa-12ca-4a1b-be28-d8f320fa3bb3"
        }, 
        {
            "ApplicationName": "wordpress", 
            "Message": "createApplication is starting.", 
            "Severity": "INFO", 
            "EventDate": "2018-10-30T03:03:12.801Z", 
            "RequestId": "1c2c54aa-12ca-4a1b-be28-d8f320fa3bb3"
        }
    ]
}
