{
    "Activities": [
        {
            "Description": "Launching a new EC2 instance: i-0e49a097177836a87", 
            "AutoScalingGroupName": "web-autoscaling-group", 
            "ActivityId": "bda59a8d-ebbe-ab55-bf82-295a509ff342", 
            "Details": "{\"Subnet ID\":\"subnet-04d5d2577460e8df5\",\"Availability Zone\":\"us-west-2b\"}", 
            "StartTime": "2018-10-24T00:30:34.922Z", 
            "Progress": 100, 
            "EndTime": "2018-10-24T00:31:07Z", 
            "Cause": "At 2018-10-24T00:30:32Z an instance was started in response to a difference between desired and actual capacity, increasing the capacity from 1 to 2.", 
            "StatusCode": "Successful"
        }, 
        {
            "Description": "Terminating EC2 instance: i-0264fffdacfd19f73 - Waiting For ELB Connection Draining.", 
            "AutoScalingGroupName": "web-autoscaling-group", 
            "ActivityId": "3a059a8d-e9b8-9546-935d-504d89b57b36", 
            "Details": "{\"Subnet ID\":\"subnet-04d5d2577460e8df5\",\"Availability Zone\":\"us-west-2b\"}", 
            "StartTime": "2018-10-24T00:30:01.765Z", 
            "Progress": 50, 
            "Cause": "At 2018-10-24T00:30:01Z an instance was taken out of service in response to a EC2 health check indicating it has been terminated or stopped.", 
            "StatusCode": "WaitingForELBConnectionDraining"
        }, 
        {
            "Description": "Launching a new EC2 instance: i-0264fffdacfd19f73", 
            "AutoScalingGroupName": "web-autoscaling-group", 
            "ActivityId": "afd59a8d-ae05-14fe-7706-ca564bcc709e", 
            "Details": "{\"Subnet ID\":\"subnet-04d5d2577460e8df5\",\"Availability Zone\":\"us-west-2b\"}", 
            "StartTime": "2018-10-24T00:13:43.621Z", 
            "Progress": 100, 
            "EndTime": "2018-10-24T00:14:16Z", 
            "Cause": "At 2018-10-24T00:13:36Z a user request created an AutoScalingGroup changing the desired capacity from 0 to 2.  At 2018-10-24T00:13:41Z an instance was started in response to a difference between desired and actual capacity, increasing the capacity from 0 to 2.", 
            "StatusCode": "Successful"
        }, 
        {
            "Description": "Launching a new EC2 instance: i-0ef5e1b42e562ff3e", 
            "AutoScalingGroupName": "web-autoscaling-group", 
            "ActivityId": "59e59a8d-ae01-1849-3402-534c3d59d932", 
            "Details": "{\"Subnet ID\":\"subnet-0bef090d6ff2a7efd\",\"Availability Zone\":\"us-west-2a\"}", 
            "StartTime": "2018-10-24T00:13:43.366Z", 
            "Progress": 100, 
            "EndTime": "2018-10-24T00:14:16Z", 
            "Cause": "At 2018-10-24T00:13:36Z a user request created an AutoScalingGroup changing the desired capacity from 0 to 2.  At 2018-10-24T00:13:41Z an instance was started in response to a difference between desired and actual capacity, increasing the capacity from 0 to 2.", 
            "StatusCode": "Successful"
        }
    ]
}
